﻿<?xml version="1.0"?>
<positions>
	<file file="C:\Users\Sam\Desktop\ahk studio\AHK-Studio-master\Untitled\Untitled1.ahk" end="121" scroll="0" start="121"></file>
	<file file="C:\Users\Sam\Desktop\ahk studio\AHK-Studio-master\Untitled\Untitled2.ahk" end="0" scroll="0" start="0"></file>
	<file file="C:\Users\Sam\Desktop\ahk studio\AHK-Studio-master\Projects\createsql.html" end="118" scroll="0" start="118"></file>
	<file file="C:\Users\Sam\Desktop\ahk studio\AHK-Studio-master\Projects\createsql.ahk" end="0" scroll="0" start="0"></file>
	<file file="C:\Users\Sam\Desktop\ahk studio\AHK-Studio-master\Projects\SlideDB.ahk" end="4612" scroll="107" start="4612"></file>
	<file file="C:\Users\Sam\Desktop\ahk studio\AHK-Studio-master\lib\SQLiteDB_sample.ahk" end="5543" scroll="38" start="5552"></file>
	<main file="C:\Users\Sam\Desktop\ahk studio\AHK-Studio-master\lib\SQLiteDB_sample.ahk" search="MyComboBox"></main>
	<file file="C:\Users\Sam\Desktop\ahk studio\AHK-Studio-master\lib\Class_SQLiteDB.ahk" end="4331" scroll="45" start="4331"></file>
	<main file="C:\Users\Sam\Desktop\ahk studio\AHK-Studio-master\Projects\SlideDB.ahk" search="myArray := [&quot;CaseID&quot;, &quot;Age&quot;, &quot;Source&quot;, &quot;Sex&quot;, &quot;System&quot;, &quot;Diagnosis&quot;, &quot;Organ&quot;, &quot;Variant&quot;, &quot;Site&quot;, &quot;Stain&quot;, &quot;Tissue&quot;]"></main>
	<file file="C:\Users\Sam\Desktop\ahk studio\AHK-Studio-master\Projects\test.ahk" end="1357" scroll="12" start="1357"></file>
	<file file="C:\Users\Sam\Desktop\ahk studio\AHK-Studio-master\Projects\test2.ahk" end="505" scroll="0" start="505"></file>
</positions>
