﻿<?xml version="1.0"?>
<positions>
	<file file="C:\Users\Sam\Desktop\ahk studio\AHK-Studio-master\Untitled\Untitled1.ahk" end="121" scroll="0" start="121"></file>
	<file file="C:\Users\Sam\Desktop\ahk studio\AHK-Studio-master\Untitled\Untitled2.ahk" end="0" scroll="0" start="0"></file>
	<file file="C:\Users\Sam\Desktop\ahk studio\AHK-Studio-master\Projects\createsql.html" end="118" scroll="0" start="118"></file>
	<file file="C:\Users\Sam\Desktop\ahk studio\AHK-Studio-master\Projects\createsql.ahk" end="0" scroll="0" start="0"></file>
	<file file="C:\Users\Sam\Desktop\ahk studio\AHK-Studio-master\Projects\SlideDB.ahk" end="553" scroll="0" start="553"></file>
	<file file="C:\Users\Sam\Desktop\ahk studio\AHK-Studio-master\lib\SQLiteDB_sample.ahk" end="4176" scroll="57" start="4144"></file>
	<main file="C:\Users\Sam\Desktop\ahk studio\AHK-Studio-master\lib\SQLiteDB_sample.ahk" search="open"></main>
</positions>
