﻿<?xml version="1.0"?>
<positions>
	<file file="C:\Users\Sam\Desktop\ahk studio\AHK-Studio-master\Untitled\Untitled1.ahk" end="121" scroll="0" start="121"></file>
	<file file="C:\Users\Sam\Desktop\ahk studio\AHK-Studio-master\Untitled\Untitled2.ahk" end="0" scroll="0" start="0"></file>
	<file file="C:\Users\Sam\Desktop\ahk studio\AHK-Studio-master\Projects\createsql.html" end="118" scroll="0" start="118"></file>
	<file file="C:\Users\Sam\Desktop\ahk studio\AHK-Studio-master\Projects\createsql.ahk" end="0" scroll="0" start="0"></file>
	<file file="C:\Users\Sam\Desktop\ahk studio\AHK-Studio-master\Projects\SlideDB.ahk" end="1363" scroll="0" start="1363"></file>
	<file file="C:\Users\Sam\Desktop\ahk studio\AHK-Studio-master\lib\SQLiteDB_sample.ahk" end="5543" scroll="38" start="5552"></file>
	<main file="C:\Users\Sam\Desktop\ahk studio\AHK-Studio-master\lib\SQLiteDB_sample.ahk" search="MyComboBox"></main>
	<file file="C:\Users\Sam\Desktop\ahk studio\AHK-Studio-master\lib\Class_SQLiteDB.ahk" end="35161" scroll="631" start="35167"></file>
	<main file="C:\Users\Sam\Desktop\ahk studio\AHK-Studio-master\Projects\SlideDB.ahk" search="OpenDB"></main>
	<file file="C:\Users\Sam\Desktop\ahk studio\AHK-Studio-master\Projects\test.ahk" end="317" scroll="0" start="317"></file>
	<file file="C:\Users\Sam\Desktop\ahk studio\AHK-Studio-master\Projects\test2.ahk" end="505" scroll="0" start="505"></file>
</positions>
