﻿<?xml version="1.0"?>
<cexml>
	<files>
		<main file="C:\Users\Sam\Desktop\ahk studio\AHK-Studio-master\Projects\SlideDB.ahk" id="1">
			<file dir="C:\Users\Sam\Desktop\ahk studio\AHK-Studio-master\Projects" ext="ahk" file="C:\Users\Sam\Desktop\ahk studio\AHK-Studio-master\Projects\SlideDB.ahk" filename="SlideDB.ahk" id="2" lang="ahk" lower="c:\users\sam\desktop\ahk studio\ahk-studio-master\projects\slidedb.ahk" nne="SlideDB" type="File" time="20240407221425" encoding="CP1252">
				<file ext="ahk" file="C:\Users\Sam\Desktop\ahk studio\AHK-Studio-master\lib\Class_SQLiteDB.ahk" include="
#Include ..\lib\Class_SQLiteDB.ahk" inside="C:\Users\Sam\Desktop\ahk studio\AHK-Studio-master\Projects\SlideDB.ahk" lang="ahk" dir="C:\Users\Sam\Desktop\ahk studio\AHK-Studio-master\lib" filename="Class_SQLiteDB.ahk" github="lib\Class_SQLiteDB.ahk" lower="class_sqlitedb.ahk" nne="Class_SQLiteDB" type="File" time="20221003213441" encoding="UTF-8" id="3">
					<info end="25491" start="8" text="SQLiteDB" type="Class" upper="SQLITEDB">
						<info end="1251" start="146" text="_Table" type="Class" upper="_TABLE">
							<info att="" pos="155" text="__New" type="Method" upper="__NEW"></info>
							<info att="RowIndex, ByRef Row" pos="790" text="GetRow" type="Method" upper="GETROW"></info>
							<info att="ByRef Row" pos="1003" text="Next" type="Method" upper="NEXT"></info>
							<info att="" pos="1203" text="Reset" type="Method" upper="RESET"></info></info>
						<info end="5107" start="1257" text="_RecordSet" type="Class" upper="_RECORDSET">
							<info att="" pos="1270" text="__New" type="Method" upper="__NEW"></info>
							<info att="" pos="2064" text="__Delete" type="Method" upper="__DELETE"></info>
							<info att="ByRef Row" pos="2109" text="Next" type="Method" upper="NEXT"></info>
							<info att="" pos="4232" text="Reset" type="Method" upper="RESET"></info>
							<info att="" pos="4664" text="Free" type="Method" upper="FREE"></info></info>
						<info end="9887" start="5113" text="_Statement" type="Class" upper="_STATEMENT">
							<info att="" pos="5126" text="__New" type="Method" upper="__NEW"></info>
							<info att="" pos="5576" text="__Delete" type="Method" upper="__DELETE"></info>
							<info att="Index, Type, Param3 := &quot;&quot;, Param4 := 0, Param5 := 0" pos="5621" text="Bind" type="Method" upper="BIND"></info>
							<info att="" pos="8203" text="Step" type="Method" upper="STEP"></info>
							<info att="ClearBindings := True" pos="8699" text="Reset" type="Method" upper="RESET"></info>
							<info att="" pos="9446" text="Free" type="Method" upper="FREE"></info></info>
						<info att="" pos="9887" text="__New" type="Method" upper="__NEW"></info>
						<info att="" pos="11202" text="__Delete" type="Method" upper="__DELETE"></info>
						<info att="Str, ByRef UTF8" pos="11419" text="_StrToUTF8" type="Method" upper="_STRTOUTF8"></info>
						<info att="UTF8" pos="11538" text="_UTF8ToStr" type="Method" upper="_UTF8TOSTR"></info>
						<info att="" pos="11588" text="_ErrMsg" type="Method" upper="_ERRMSG"></info>
						<info att="" pos="11724" text="_ErrCode" type="Method" upper="_ERRCODE"></info>
						<info att="" pos="11819" text="_Changes" type="Method" upper="_CHANGES"></info>
						<info att="RC" pos="11914" text="_ReturnCode" type="Method" upper="_RETURNCODE"></info>
						<info att="DBPath, Access := &quot;W&quot;, Create := True" pos="14005" text="OpenDB" type="Method" upper="OPENDB"></info>
						<info att="" pos="15167" text="CloseDB" type="Method" upper="CLOSEDB"></info>
						<info att="DBPath, DBAlias" pos="15701" text="AttachDB" type="Method" upper="ATTACHDB"></info>
						<info att="DBAlias" pos="15804" text="DetachDB" type="Method" upper="DETACHDB"></info>
						<info att="SQL, Callback := &quot;&quot;" pos="15879" text="Exec" type="Method" upper="EXEC"></info>
						<info att="SQL, ByRef TB, MaxResult := 0" pos="16709" text="GetTable" type="Method" upper="GETTABLE"></info>
						<info att="SQL, ByRef ST" pos="18468" text="Prepare" type="Method" upper="PREPARE"></info>
						<info att="SQL, ByRef RS" pos="19223" text="Query" type="Method" upper="QUERY"></info>
						<info att="Name, Args, Func, Enc := 0x0801, Param := 0" pos="21031" text="CreateScalarFunc" type="Method" upper="CREATESCALARFUNC"></info>
						<info att="ByRef RowID" pos="21602" text="LastInsertRowID" type="Method" upper="LASTINSERTROWID"></info>
						<info att="ByRef Rows" pos="22019" text="TotalChanges" type="Method" upper="TOTALCHANGES"></info>
						<info att="Timeout := 1000" pos="22420" text="SetTimeout" type="Method" upper="SETTIMEOUT"></info>
						<info att="ByRef Str, Quote := True" pos="22937" text="EscapeStr" type="Method" upper="ESCAPESTR"></info>
						<info att="SQL, BlobArray" pos="23532" text="StoreBLOB" type="Method" upper="STOREBLOB"></info></info>
					<info att="Context, ArgC, Values" pos="25491" text="SQLiteDB_RegExp" type="Function" upper="SQLITEDB_REGEXP"></info></file>
				<info class="SQLiteDB" text="db" type="Instance" upper="DB"></info>
				<info text="populateCombo" type="Function" upper="POPULATECOMBO"></info>
				<info att="Table" text="ShowTable" type="Function" upper="SHOWTABLE"></info>
				<info att="RecordSet" text="UpdateTable" type="Function" upper="UPDATETABLE"></info>
				<info text="UpdateEdits" type="Function" upper="UPDATEEDITS"></info>
				<info text="Easy" type="Function" upper="EASY"></info>
				<info text="Easy" type="Function" upper="EASY"></info>
				<info text="Easy" type="Function" upper="EASY"></info>
				<info text="Easy" type="Function" upper="EASY"></info>
				<info text="Easy" type="Function" upper="EASY"></info>
				<info text="Easy" type="Function" upper="EASY"></info>
				<info text="Easy" type="Function" upper="EASY"></info>
				<info att="Table" text="ShowTable" type="Function" upper="SHOWTABLE"></info>
				<info att="Table" text="ShowTable" type="Function" upper="SHOWTABLE"></info>
				<info att="query" text="Pop" type="Function" upper="POP"></info>
				<info att="RecordSet" text="ShowRecordSet" type="Function" upper="SHOWRECORDSET"></info>
				<info att="Table" text="ShowTable" type="Function" upper="SHOWTABLE"></info>
				<info text="Selected" type="Function" upper="SELECTED"></info>
				<info att="CaseID, Source, System, Organ, Site, Age, Sex, Diagnosis, Variant, Stain, Tissue" text="ConrtructQuery" type="Function" upper="CONRTRUCTQUERY"></info>
				<info att="CaseID, Source, System, Organ, Site, Age, Sex, Diagnosis, Variant, Stain, Tissue" text="ConrtructQuery" type="Function" upper="CONRTRUCTQUERY"></info>
				<info text="updateGlobals" type="Function" upper="UPDATEGLOBALS"></info>
				<info text="updateGlobals" type="Function" upper="UPDATEGLOBALS"></info>
				<info text="ComboBoxChange" type="Function" upper="COMBOBOXCHANGE"></info>
				<info att="query" text="Populate" type="Function" upper="POPULATE"></info>
				<info att="RecordSet2" text="PopulateCombo" type="Function" upper="POPULATECOMBO"></info>
				<info att="RecordSet2" text="PopulateCombo" type="Function" upper="POPULATECOMBO"></info>
				<info att="RecordSet2" text="PopulateCombo" type="Function" upper="POPULATECOMBO"></info>
				<info text="ShowAnswer" type="Function" upper="SHOWANSWER"></info>
				<info text="ComboBoxChange" type="Function" upper="COMBOBOXCHANGE"></info>
				<info text="ComboBoxChange" type="Function" upper="COMBOBOXCHANGE"></info>
				<info text="ComboBoxChange" type="Function" upper="COMBOBOXCHANGE"></info></file>
			<header type="Class"></header>
			<header type="Function"></header>
			<header type="Instance"></header></main>
		<main file="C:\Users\Sam\Desktop\ahk studio\AHK-Studio-master\Projects\test.ahk" id="4">
			<file dir="C:\Users\Sam\Desktop\ahk studio\AHK-Studio-master\Projects" ext="ahk" file="C:\Users\Sam\Desktop\ahk studio\AHK-Studio-master\Projects\test.ahk" filename="test.ahk" id="5" lang="ahk" lower="c:\users\sam\desktop\ahk studio\ahk-studio-master\projects\test.ahk" nne="test" type="File" time="20240407211038" encoding="CP1252">
				<info text="GuiClose" type="Label" upper="GUICLOSE"></info>
				<info att="wParam, lParam, msg, hwnd" pos="359" text="WM_COMMAND" type="Function" upper="WM_COMMAND"></info>
				<info att="" pos="636" text="TriggerFunction" type="Function" upper="TRIGGERFUNCTION"></info>
				<info att="value" pos="702" text="LoWord" type="Function" upper="LOWORD"></info></file>
			<header type="Label"></header>
			<header type="Function"></header></main>
		<main file="C:\Users\Sam\Desktop\ahk studio\AHK-Studio-master\Projects\test2.ahk" id="6">
			<file dir="C:\Users\Sam\Desktop\ahk studio\AHK-Studio-master\Projects" ext="ahk" file="C:\Users\Sam\Desktop\ahk studio\AHK-Studio-master\Projects\test2.ahk" filename="test2.ahk" id="7" lang="ahk" lower="c:\users\sam\desktop\ahk studio\ahk-studio-master\projects\test2.ahk" nne="test2" type="File" time="20240329225537" encoding="CP1252">
				<info text="Trigger" type="Label" upper="TRIGGER"></info>
				<info text="Selected" type="Function" upper="SELECTED"></info></file>
			<header type="Label"></header>
			<header type="Function"></header></main>
	</files>
</cexml>
